Workbook

Sheet Dashboard
A1: Post-Production Tracker
A2: متتبع أعمال ما بعد الإنتاج
A3: Season 2 · Episodes 04–06 · live figures pull from the Shot Log sheet
A5: Shots tracked · عدد اللقطات | C5: Hours logged · الساعات المسجلة | E5: Locked · لقطات مثبتة | G5: Blocked · لقطات متعثرة
A6: =COUNTA('Shot Log'!A5:A16) -> 12 | C6: =SUM('Shot Log'!H5:H16) -> 74 | E6: =COUNTIF('Shot Log'!E5:E16,"Locked") -> 2 | G6: =COUNTIF('Shot Log'!E5:E16,"Blocked") -> 1
A9: Progress by episode
A10: التقدم حسب الحلقة
A11: Episode | B11: Runtime (min) | C11: Hours logged | D11: % locked | E11: الحلقة
A12: Episode 4 | B12: =SUMIFS('Shot Log'!$F$5:$F$16,'Shot Log'!$B$5:$B$16,4) -> 10.5 | C12: =SUMIFS('Shot Log'!$H$5:$H$16,'Shot Log'!$B$5:$B$16,4) -> 39 | D12: =IFERROR(COUNTIFS('Shot Log'!$B$5:$B$16,4,'Shot Log'!$E$5:$E$16,"Locked")/COUNTIFS('Shot Log'!$B$5:$B$16,4),0) -> 0.4 | E12: الحلقة الرابعة
A13: Episode 5 | B13: =SUMIFS('Shot Log'!$F$5:$F$16,'Shot Log'!$B$5:$B$16,5) -> 12.15 | C13: =SUMIFS('Shot Log'!$H$5:$H$16,'Shot Log'!$B$5:$B$16,5) -> 27 | D13: =IFERROR(COUNTIFS('Shot Log'!$B$5:$B$16,5,'Shot Log'!$E$5:$E$16,"Locked")/COUNTIFS('Shot Log'!$B$5:$B$16,5),0) -> 0 | E13: الحلقة الخامسة
A14: Episode 6 | B14: =SUMIFS('Shot Log'!$F$5:$F$16,'Shot Log'!$B$5:$B$16,6) -> 8.75 | C14: =SUMIFS('Shot Log'!$H$5:$H$16,'Shot Log'!$B$5:$B$16,6) -> 8 | D14: =IFERROR(COUNTIFS('Shot Log'!$B$5:$B$16,6,'Shot Log'!$E$5:$E$16,"Locked")/COUNTIFS('Shot Log'!$B$5:$B$16,6),0) -> 0 | E14: الحلقة السادسة
A16: Busiest editor / أكثر المونتيرين انشغالًا | C16: =INDEX(Editors,MATCH(MAX(EditorHours),EditorHours,0)) -> Mai | D16: =MAX(EditorHours) -> 29.5
A34: الشكل ١ — إجمالي ساعات المونتاج المسجلة لكل حلقة.

Sheet Shot Log
A1: Shot Log — Episodes 04–06
A2: سجل اللقطات — الحلقات 4 إلى 6
A4: Shot ID | B4: Ep. | C4: Scene | D4: المشهد | E4: Status الحالة | F4: Runtime (min) | G4: Editor | H4: Hours logged | I4: Cost (EGP)
A5: S-041 | B5: 4 | C5: Dawn over the barrage | D5: الفجر فوق القناطر | E5: Locked | F5: 0.7 | G5: Karim | H5: 6.5 | I5: =$H5*Rate_per_hour -> 2925
A6: S-042 | B6: 4 | C6: Hands mending a net | D6: أيادٍ تصلح شبكة صيد | E6: Locked | F6: 1.25 | G6: Karim | H6: 4 | I6: =$H6*Rate_per_hour -> 1800
A7: S-043 | B7: 4 | C7: Interview — Umm Sayed | D7: مقابلة — أم سيد | E7: In review | F7: 6.5 | G7: Nourhan | H7: 18 | I7: =$H7*Rate_per_hour -> 8100
A8: S-044 | B8: 4 | C8: Archive: 1974 reel | D8: أرشيف: شريط ١٩٧٤ | E8: Blocked | F8: 0.92 | G8: Nourhan | H8: 3.5 | I8: =$H8*Rate_per_hour -> 1575
A9: S-045 | B9: 4 | C9: Ferry crossing at dusk | D9: معدية عند الغروب | E9: In review | F9: 1.13 | G9: Karim | H9: 7 | I9: =$H9*Rate_per_hour -> 3150
A10: S-051 | B10: 5 | C10: Market at first light | D10: السوق مع أول الضوء | E10: In progress | F10: 2.4 | G10: Mai | H10: 9.5 | I10: =$H10*Rate_per_hour -> 4275
A11: S-052 | B11: 5 | C11: Boat workshop, interior | D11: ورشة المراكب، داخلي | E11: In progress | F11: 3.1 | G11: Mai | H11: 12 | I11: =$H11*Rate_per_hour -> 5400
A12: S-053 | B12: 5 | C12: Interview — Ustaz Adel | D12: مقابلة — أستاذ عادل | E12: Not started | F12: 5.8 | G12: Nourhan | H12: 0 | I12: =$H12*Rate_per_hour -> 0
A13: S-054 | B13: 5 | C13: Drone pass, delta fields | D13: لقطة درون فوق حقول الدلتا | E13: In review | F13: 0.85 | G13: Karim | H13: 5.5 | I13: =$H13*Rate_per_hour -> 2475
A14: S-061 | B14: 6 | C14: Rosetta shoreline | D14: شاطئ رشيد | E14: In progress | F14: 1.95 | G14: Mai | H14: 8 | I14: =$H14*Rate_per_hour -> 3600
A15: S-062 | B15: 6 | C15: Night fishing, handheld | D15: صيد ليلي، كاميرا محمولة | E15: Not started | F15: 2.6 | G15: Karim | H15: 0 | I15: =$H15*Rate_per_hour -> 0
A16: S-063 | B16: 6 | C16: Closing montage | D16: المونتاج الختامي | E16: Not started | F16: 4.2 | G16: Nourhan | H16: 0 | I16: =$H16*Rate_per_hour -> 0
C17: Total / الإجمالي | F17: =SUM(F5:F16) -> 31.4 | H17: =SUM(H5:H16) -> 74 | I17: =SUM(I5:I16) -> 33300

Sheet الميزانية
A1: الميزانية التقديرية مقابل المصروف الفعلي
A2: Budget vs. actual — post-production
A4: البند | B4: الميزانية (ج.م) | C4: الفعلي (ج.م) | D4: الفرق % | E4: ملاحظة
A5: المونتاج | B5: 180000 | C5: ='Shot Log'!I17 -> 33300 | D5: =IFERROR(C5/B5-1,0) -> -0.815 | E5: ساعات المونتاج من سجل اللقطات
A6: تصحيح الألوان | B6: 90000 | C6: 74500 | D6: =IFERROR(C6/B6-1,0) -> -0.17222222 | E6: جلستان في الاستوديو
A7: مكساج الصوت | B7: 65000 | C7: 61200 | D7: =IFERROR(C7/B7-1,0) -> -0.058461538 | E7: ٥.١ + استريو
A8: الترجمة والعناوين | B8: 40000 | C8: 38900 | D8: =IFERROR(C8/B8-1,0) -> -0.0275 | E8: عربي وإنجليزي
A9: تصاريح الأرشيف | B9: 55000 | C9: 68400 | D9: =IFERROR(C9/B9-1,0) -> 0.24363636 | E9: زيادة بسبب شريط ١٩٧٤
A10: موسيقى أصلية | B10: 70000 | C10: 70000 | D10: =IFERROR(C10/B10-1,0) -> 0 | E10: عقد ثابت
A11: الإجمالي | B11: =SUM(B5:B10) -> 500000 | C11: =SUM(C5:C10) -> 346300 | D11: =IFERROR(C11/B11-1,0) -> -0.3074

Sheet Notes
A1: How to use this workbook
A2: طريقة استخدام هذا الملف
A4: Assumptions / الافتراضات
A6: Rate per hour (EGP) | B6: 450 | C6: سعر ساعة المونتاج. غيّر هذه الخلية فقط — باقي الجداول تتحدث تلقائيًا.
A7: Week ending | B7: 46157 | C7: Reporting date for the dashboard figures.
A8: Session length | B8: 0.10416667 | C8: Standard grading session block / مدة جلسة التصحيح القياسية.
A10: Colour legend / دليل الألوان
A11: Blue text | B11: نص أزرق | C11: Typed input — safe to edit.
A12: Black text | B12: نص أسود | C12: Formula — do not overwrite.
A13: Green text | B13: نص أخضر | C13: Pulled from another sheet.
A14: Yellow fill | B14: تظليل أصفر | C14: Key assumption you are expected to set.
A17: Example row / صف نموذجي
A18: S-071 | B18: In progress | C18: Shot ID, then episode number, scene in English, المشهد بالعربية, status from the dropdown, runtime in minutes, editor name, hours logged.
A20: Studio handbook | B20: example.com | C20: Delivery specs, LUT pack, and the naming convention / مواصفات التسليم وحزمة الألوان.
A23: Editor | B23: Hours
A24: Karim | B24: =SUMIFS('Shot Log'!$H$5:$H$16,'Shot Log'!$G$5:$G$16,A24) -> 23
A25: Nourhan | B25: =SUMIFS('Shot Log'!$H$5:$H$16,'Shot Log'!$G$5:$G$16,A25) -> 21.5
A26: Mai | B26: =SUMIFS('Shot Log'!$H$5:$H$16,'Shot Log'!$G$5:$G$16,A26) -> 29.5
